{
  "PROJECTION_MATRIX": [
    [
      -0.999938684402817,
      0.009570886061442466,
      0.005570060570812479,
      0.0
    ],
    [
      -0.005584769223845527,
      -0.0015107735091129274,
      -0.9999832638180104,
      -0.27
    ],
    [
      -0.009562310781397002,
      -0.9999530567498671,
      0.0015641320650538835,
      -0.31
    ]
  ],
  "CAMERA_MODEL": "fisheye",
  "INTRINSIC_MATRIX": [
    [
      1536.296753,
      0.0,
      967.480896
    ],
    [
      0.0,
      1535.568848,
      545.9471436
    ],
    [
      0.0,
      0.0,
      1.0
    ]
  ],
  "DISTORTION_COEFFICIENTS": [
    -0.6688628,
    0.7565807,
    -0.7557504,
    0.3725633
  ]
}