{
  "DATE": "05/09/2024, 20:15:54",
  "VEHICLE": {
    "MODEL": "NX4",
    "LICENSE_PLATE": "8879"
  },
  "CAMERA": {
    "MOUNTING_POS": "front",
    "NAME": "3B6_Front",
    "MODEL": "fisheye",
    "IMAGE_WIDTH": 1920,
    "IMAGE_HEIGHT": 1080
  },
  "INTRINSIC_CALIBRATION": {
    "REPROJECTION_ERROR": "0.1240679",
    "ORIGINAL_IMAGE": {
      "WIDTH": 1920,
      "HEIGHT": 1080,
      "INTRINSICS": [
        [
          1536.296753,
          0.0,
          967.480896
        ],
        [
          0.0,
          1535.568848,
          545.9471436
        ],
        [
          0.0,
          0.0,
          1.0
        ]
      ],
      "DIST_COEFFS": [
        [
          -0.6688628
        ],
        [
          0.7565807
        ],
        [
          -0.7557504
        ],
        [
          0.3725633
        ]
      ]
    },
    "UNDISTORTED_IMAGE": {
      "INTRINSICS": [
        [
          813.2712280502379,
          0.0,
          963.9691360306812
        ],
        [
          0.0,
          818.5562651020572,
          544.1138175630047
        ],
        [
          0.0,
          0.0,
          1.0
        ]
      ]
    },
    "CROPPED_IMAGE": {
      "CROP": [
        0,
        0,
        1920,
        1080
      ],
      "INTRINSICS": [
        [
          813.2712280502379,
          0.0,
          963.9691360306812
        ],
        [
          0.0,
          818.5562651020572,
          544.1138175630047
        ],
        [
          0.0,
          0.0,
          1.0
        ]
      ]
    },
    "CROPPED_RESIZED_IMAGE": {
      "WIDTH": 1920,
      "HEIGHT": 1080,
      "INTRINSICS": [
        [
          813.2712280502379,
          0.0,
          963.9691360306812
        ],
        [
          0.0,
          818.5562651020572,
          544.1138175630047
        ],
        [
          0.0,
          0.0,
          1.0
        ]
      ]
    }
  },
  "EXTRINSIC_CALIBRATION": {
    "REPROJECTION_ERROR": "0.14141776",
    "EULER_ANGLES_DEG": {
      "YAW": -1.2290452027709229,
      "PITCH": 0.14277860491253197,
      "ROLL": -0.8809421261645718
    },
    "CAMERA_HEIGHT": 1.37,
    "TRANSFORM_POINTS_FROM_CAM_TO_VEHICLE": {
      "ROTATION": [
        [
          0.021449240411898246,
          0.002491380875496431,
          0.9997668343704378
        ],
        [
          -0.9996517675505348,
          -0.015321242893149246,
          0.021484951694191155
        ],
        [
          0.01537119770366626,
          -0.999879519010937,
          0.0021618842736073588
        ]
      ],
      "TRANSLATION": [
        -1.5248335506607096,
        -0.06750717969811129,
        1.3725782235807358
      ]
    }
  }
}